Wall time,Step,Value
1618355716.5725985,1,0.024906471371650696
1618373576.7353404,2,0.02920057252049446
1618391436.5440102,3,0.031206324696540833
1618409298.3482413,4,0.03321371227502823
1618427159.3383489,5,0.03469235822558403
1618445027.637195,6,0.03456821292638779
1618462888.5797846,7,0.03655790537595749
1618480752.634231,8,0.036427199840545654
