Wall time,Step,Value
1618499589.7255054,1,0.0314413346350193
1618517462.7934222,2,0.03189065679907799
1618535343.5209806,3,0.03438827767968178
1618553215.376532,4,0.03568476438522339
1618571088.8866684,5,0.036657046526670456
1618588961.0525708,6,0.03713933005928993
