Wall time,Step,Value
1618607225.0099437,1,0.03175143525004387
1618625087.4168942,2,0.03517451882362366
1618642948.3728235,3,0.03897617384791374
1618660806.469841,4,0.03745286166667938
1618678664.9166732,5,0.037949103862047195
1618696525.767064,6,0.040067896246910095
1618714386.3542068,7,0.04096708819270134
1618732244.4570227,8,0.0394023135304451
1618750106.7124178,9,0.03867819160223007
1618767973.8194306,10,0.0399542935192585
